Threshold, F1-score
1.000000000000000021e-02,1.172877025604248047e+01
2.000000000000000042e-02,3.403483963012695312e+01
2.999999999999999889e-02,4.939599609375000000e+01
4.000000000000000083e-02,6.013433837890625000e+01
5.000000000000000278e-02,6.822821044921875000e+01
