Threshold, F1-score
1.000000000000000021e-02,1.914586067199707031e+01
2.000000000000000042e-02,4.993668746948242188e+01
2.999999999999999889e-02,7.095765686035156250e+01
4.000000000000000083e-02,8.289757537841796875e+01
5.000000000000000278e-02,8.937517547607421875e+01
