Threshold, F1-score
1.000000000000000021e-02,9.300815582275390625e+00
2.000000000000000042e-02,2.720126914978027344e+01
2.999999999999999889e-02,4.098029327392578125e+01
4.000000000000000083e-02,5.173398590087890625e+01
5.000000000000000278e-02,6.036733245849609375e+01
