Threshold, F1-score
1.000000000000000021e-02,5.688441276550292969e+00
2.000000000000000042e-02,1.599752235412597656e+01
2.999999999999999889e-02,2.478897666931152344e+01
4.000000000000000083e-02,3.240129852294921875e+01
5.000000000000000278e-02,3.916051101684570312e+01
